INSERT INTO artists (artist_id, name)
VALUES (1, 'Jah Khalib'),
	   (2, 'Баста'),
	   (3, 'ЛСП'),
	   (4, 'Zivert'),
	   (5, 'Ани Лорак'),
	   (6, 'Нервы'),
	   (7, 'Макс Барских'),
	   (8, 'Черный Джек');


INSERT INTO genres(genre_id, name)
VALUES (1, 'Хип-хоп'),
	   (2, 'Поп'),
	   (3, 'Рэп'),
	   (4, 'Рок'),
	   (5, 'Диско-хаус'),
	   (6, 'Поп-рок');


INSERT INTO albums(album_id, title, release_year)
VALUES (1, 'E.G.O.', 2018),
       (2, 'Баста 6 (Часть 2)', 2020),
       (3, 'One More City', 2020),
       (4, 'Vinyl #1', 2019),
       (5, 'За мечтой', 2019),
       (6, 'Слэм и депрессия', 2020),
       (7, 'Bestseller', 2021),
       (8, 'Русские Хиты 2021. Популярная Музыка', 2018);


INSERT INTO tracks(track_id, title, duration_seconds, album_id)
VALUES (1, 'Медина', 222, 1),
       (2, 'А я ее', 227, 1),
       (3, 'Интро (Мое время в пути', 219, 2),
       (4, 'Молодость', 290, 2),
       (5, 'Именно такой', 249, 3),
       (6, 'Шарик', 210, 4),
       (7, 'Мой', 232, 5),
       (8, 'Мой', 240, 6),
       (9, 'Моя любовь', 195, 7),
       (10, 'Май Лайф', 295, 8);


INSERT INTO compilations(compilation_id, title, release_year)
VALUES (1, 'Золотые хиты', 2018),
       (2, 'Топ 50 русских хитов', 2018),
       (3, 'Русские хиты', 2020),
       (4, 'Русские хиты 2021', 2021),
       (5, 'Лучшее за 2020', 2020),
       (6, 'Танцевальный рай', 2019),
       (7, 'Поп-Хиты 2019', 2019),
       (8, 'Лучший рок 2020', 2020),
       (9, 'Еврохит Топ 40', 2021),
       (10, 'Русские Хиты 2021. Популярная Музыка', 2018);


-- Создаем связи в промежуточной таблице artist_genres
INSERT INTO artist_genre(artist_id, genre_id) 
VALUES (1, 1), (1, 2), (2, 3), (2, 1), (3, 1), (3, 2), (4, 2), (4, 5), (5, 2), (6, 4), (6, 6), (7, 2), (8, 2);


-- Создаем связи в промежуточной таблице artist_album
INSERT INTO artist_album(artist_id, album_id) 
VALUES (1, 1), (2, 2), (3, 3), (4, 4), (5, 5), (6, 6), (7, 7), (8, 8);


-- Создаем связи в промежуточной таблице compilation_track
INSERT INTO compilation_track(compilation_id, track_id) 
VALUES (1, 1), (2, 2), (3, 3), (4, 4), (5, 5), (6, 6), (7, 7), (8, 8), (9, 9), (10, 10);



