INSERT INTO artists (artist_id, name)
VALUES (1, 'Король и Шут'), (2, 'Михаил Круг'), (3, 'Ария'), (4, 'Бутырка'), (5, 'Кипелов');

INSERT INTO albums (album_id, title, release_year)
VALUES (1, 'Камнем по голове', 1996), (2, 'Герои и злодеи', 2000), (3, 'Как в старой сказке', 2001), 
	(4, 'Мадам', 1998), (5, 'Жиган-лимон', 1994), (6, 'Владимирский централ', 1998),
	(7, 'Герой Асфальта', 1987), (8, 'Генератор зла', 1998), (9, 'Химера', 2001), 
	(10, 'Весточка', 2004), (11, 'Икона', 2005), (12, 'Хулиган', 2010),
	(13, 'Путь наверх', 2003), (14, 'Реки времен', 2005);

INSERT INTO genres (genre_id, name)
VALUES (1, 'Панк-Рок'), (2, 'Хеви-Метал'), (3, 'Рок'), (4, 'Шансон');

INSERT INTO tracks(track_id, title, duration_seconds, album_id)
VALUES (1, 'Смельчак и ветер', 180, 1), (2, 'Садовник', 220, 1), (3, 'Рыбак', 70, 1), (4, 'Смельчак и ветер', 180, 1), (5, 'Улица роз', 160, 7),
	(6, 'Герой асфальта', 220, 7), (7, 'На службе силы зла', 200, 7), (8, 'Фраер', 210, 5), (9, 'День как день', 150, 5);


INSERT INTO compilations(compilation_id, title, release_year)
VALUES (1, 'Акустический альбом', 1998), (2, 'Крещение огнем', 2003), (3, 'Вавилон', 2004), (4, 'Просвящение', 2003)

-- Связи исполнителей и жанров (artist_genre)
INSERT INTO artist_genre (artist_id, genre_id) VALUES
(1, 1),
(2, 4),
(3, 2),
(4, 4),
(5, 2),
(5, 3);

-- Связи исполнителей и альбомов (artist_album)
INSERT INTO artist_album (artist_id, album_id) VALUES
(1, 1),
(1, 2),
(1, 3),
(2, 4),
(2, 5),
(2, 6),
(3, 7),
(3, 8),
(3, 9),
(4, 10),
(4, 11),
(4, 12),
(5, 13),
(5, 14);


-- Связи сборников и треков (compilation_track)
INSERT INTO compilation_track (compilation_id, track_id) VALUES
(1, 1), 
(1, 2),
(1, 3),
(1, 4),
(2, 5),
(2, 6),
(2, 7),
(4, 8),
(4, 9);